[
    {
        "name": "Afganistan",
        "dial_code": "+93",
        "code": "AF"
    },
    {
        "name": "Åland Adaları",
        "dial_code": "+358",
        "code": "AX"
    },
    {
        "name": "Arnavutluk",
        "dial_code": "+355",
        "code": "AL"
    },
    {
        "name": "Cezayir",
        "dial_code": "+213",
        "code": "DZ"
    },
    {
        "name": "Amerikan Samoası",
        "dial_code": "+1684",
        "code": "AS"
    },
    {
        "name": "Andora",
        "dial_code": "+376",
        "code": "AD"
    },
    {
        "name": "Angola",
        "dial_code": "+244",
        "code": "AO"
    },
    {
        "name": "Anguilla",
        "dial_code": "+1264",
        "code": "AI"
    },
    {
        "name": "Antarktika",
        "dial_code": "+672",
        "code": "AQ"
    },
    {
        "name": "Antigua ve Barbuda",
        "dial_code": "+1268",
        "code": "AG"
    },
    {
        "name": "Arjantin",
        "dial_code": "+54",
        "code": "AR"
    },
    {
        "name": "Ermenistan",
        "dial_code": "+374",
        "code": "AM"
    },
    {
        "name": "Aruba",
        "dial_code": "+297",
        "code": "AW"
    },
    {
        "name": "Avustralya",
        "dial_code": "+61",
        "code": "AU"
    },
    {
        "name": "Avusturya",
        "dial_code": "+43",
        "code": "AT"
    },
    {
        "name": "Azerbaycan",
        "dial_code": "+994",
        "code": "AZ"
    },
    {
        "name": "Bahamalar",
        "dial_code": "+1242",
        "code": "BS"
    },
    {
        "name": "Bahreyn",
        "dial_code": "+973",
        "code": "BH"
    },
    {
        "name": "Bangladeş",
        "dial_code": "+880",
        "code": "BD"
    },
    {
        "name": "Barbados",
        "dial_code": "+1246",
        "code": "BB"
    },
    {
        "name": "Beyaz Rusya",
        "dial_code": "+375",
        "code": "BY"
    },
    {
        "name": "Belçika",
        "dial_code": "+32",
        "code": "BE"
    },
    {
        "name": "Belize",
        "dial_code": "+501",
        "code": "BZ"
    },
    {
        "name": "Benin",
        "dial_code": "+229",
        "code": "BJ"
    },
    {
        "name": "Bermuda",
        "dial_code": "+1441",
        "code": "BM"
    },
    {
        "name": "Bhutan",
        "dial_code": "+975",
        "code": "BT"
    },
    {
        "name": "Bolivya, Çokuluslu Devleti",
        "dial_code": "+591",
        "code": "BO"
    },
    {
        "name": "Bosna-Hersek",
        "dial_code": "+387",
        "code": "BA"
    },
    {
        "name": "Botsvana",
        "dial_code": "+267",
        "code": "BW"
    },
    {
        "name": "Brezilya",
        "dial_code": "+55",
        "code": "BR"
    },
    {
        "name": "Britanya Hint Okyanusu Toprakları",
        "dial_code": "+246",
        "code": "IO"
    },
    {
        "name": "Brunei Sultanlığı",
        "dial_code": "+673",
        "code": "BN"
    },
    {
        "name": "Bulgaristan",
        "dial_code": "+359",
        "code": "BG"
    },
    {
        "name": "Burkina Faso",
        "dial_code": "+226",
        "code": "BF"
    },
    {
        "name": "Burundi",
        "dial_code": "+257",
        "code": "BI"
    },
    {
        "name": "Kamboçya",
        "dial_code": "+855",
        "code": "KH"
    },
    {
        "name": "Kamerun",
        "dial_code": "+237",
        "code": "CM"
    },
    {
        "name": "Kanada",
        "dial_code": "+1",
        "code": "CA"
    },
    {
        "name": "Cape Verde",
        "dial_code": "+238",
        "code": "CV"
    },
    {
        "name": "Cayman Adaları",
        "dial_code": "+ 345",
        "code": "KY"
    },
    {
        "name": "Orta Afrika Cumhuriyeti",
        "dial_code": "+236",
        "code": "CF"
    },
    {
        "name": "Çad",
        "dial_code": "+235",
        "code": "TD"
    },
    {
        "name": "Şili",
        "dial_code": "+56",
        "code": "CL"
    },
    {
        "name": "Çin",
        "dial_code": "+86",
        "code": "CN"
    },
    {
        "name": "Christmas Adası",
        "dial_code": "+61",
        "code": "CX"
    },
    {
        "name": "Cocos (Keeling) Adaları",
        "dial_code": "+61",
        "code": "CC"
    },
    {
        "name": "Kolombiya",
        "dial_code": "+57",
        "code": "CO"
    },
    {
        "name": "Komorlar",
        "dial_code": "+269",
        "code": "KM"
    },
    {
        "name": "Kongo",
        "dial_code": "+242",
        "code": "CG"
    },
    {
        "name": "Kongo, Demokratik Cumhuriyeti",
        "dial_code": "+243",
        "code": "CD"
    },
    {
        "name": "Cook Adaları",
        "dial_code": "+682",
        "code": "CK"
    },
    {
        "name": "Kosta Rika",
        "dial_code": "+506",
        "code": "CR"
    },
    {
        "name": "Fildişi Sahili",
        "dial_code": "+225",
        "code": "CI"
    },
    {
        "name": "Hırvatistan",
        "dial_code": "+385",
        "code": "HR"
    },
    {
        "name": "Küba",
        "dial_code": "+53",
        "code": "CU"
    },
    {
        "name": "Kıbrıs",
        "dial_code": "+357",
        "code": "CY"
    },
    {
        "name": "Çek Cumhuriyeti",
        "dial_code": "+420",
        "code": "CZ"
    },
    {
        "name": "Danimarka",
        "dial_code": "+45",
        "code": "DK"
    },
    {
        "name": "Cibuti",
        "dial_code": "+253",
        "code": "DJ"
    },
    {
        "name": "Dominika",
        "dial_code": "+1767",
        "code": "DM"
    },
    {
        "name": "Dominik Cumhuriyeti",
        "dial_code": "+1849",
        "code": "DO"
    },
    {
        "name": "Ekvador",
        "dial_code": "+593",
        "code": "EC"
    },
    {
        "name": "Mısır",
        "dial_code": "+20",
        "code": "EG"
    },
    {
        "name": "El Salvador",
        "dial_code": "+503",
        "code": "SV"
    },
    {
        "name": "Ekvator Ginesi",
        "dial_code": "+240",
        "code": "GQ"
    },
    {
        "name": "Eritre",
        "dial_code": "+291",
        "code": "ER"
    },
    {
        "name": "Estonya",
        "dial_code": "+372",
        "code": "EE"
    },
    {
        "name": "Etiyopya",
        "dial_code": "+251",
        "code": "ET"
    },
    {
        "name": "Falkland Adaları (Malvinas)",
        "dial_code": "+500",
        "code": "FK"
    },
    {
        "name": "Faroe Adaları",
        "dial_code": "+298",
        "code": "FO"
    },
    {
        "name": "Fiji",
        "dial_code": "+679",
        "code": "FJ"
    },
    {
        "name": "Finlandiya",
        "dial_code": "+358",
        "code": "FI"
    },
    {
        "name": "Fransa",
        "dial_code": "+33",
        "code": "FR"
    },
    {
        "name": "Fransız Guyanası",
        "dial_code": "+594",
        "code": "GF"
    },
    {
        "name": "Fransız Polinezyası",
        "dial_code": "+689",
        "code": "PF"
    },
    {
        "name": "Gabon",
        "dial_code": "+241",
        "code": "GA"
    },
    {
        "name": "Gambiya",
        "dial_code": "+220",
        "code": "GM"
    },
    {
        "name": "Gürcistan",
        "dial_code": "+995",
        "code": "GE"
    },
    {
        "name": "Almanya",
        "dial_code": "+49",
        "code": "DE"
    },
    {
        "name": "Gana",
        "dial_code": "+233",
        "code": "GH"
    },
    {
        "name": "Cebelitarık",
        "dial_code": "+350",
        "code": "GI"
    },
    {
        "name": "Yunanistan",
        "dial_code": "+30",
        "code": "GR"
    },
    {
        "name": "Grönland",
        "dial_code": "+299",
        "code": "GL"
    },
    {
        "name": "Grenada",
        "dial_code": "+1473",
        "code": "GD"
    },
    {
        "name": "Guadeloupe",
        "dial_code": "+590",
        "code": "GP"
    },
    {
        "name": "Guam",
        "dial_code": "+1671",
        "code": "GU"
    },
    {
        "name": "Guatemala",
        "dial_code": "+502",
        "code": "GT"
    },
    {
        "name": "Guernsey",
        "dial_code": "+44",
        "code": "GG"
    },
    {
        "name": "Gine",
        "dial_code": "+224",
        "code": "GN"
    },
    {
        "name": "Gine-Bissau",
        "dial_code": "+245",
        "code": "GW"
    },
    {
        "name": "Guyana",
        "dial_code": "+595",
        "code": "GY"
    },
    {
        "name": "Haiti",
        "dial_code": "+509",
        "code": "HT"
    },
    {
        "name": "Vatikan Şehri",
        "dial_code": "+379",
        "code": "VA"
    },
    {
        "name": "Honduras",
        "dial_code": "+504",
        "code": "HN"
    },
    {
        "name": "Hong Kong",
        "dial_code": "+852",
        "code": "HK"
    },
    {
        "name": "Macaristan",
        "dial_code": "+36",
        "code": "HU"
    },
    {
        "name": "İzlanda",
        "dial_code": "+354",
        "code": "IS"
    },
    {
        "name": "Hindistan",
        "dial_code": "+91",
        "code": "IN"
    },
    {
        "name": "Endonezya",
        "dial_code": "+62",
        "code": "ID"
    },
    {
        "name": "İran, İslam Cumhuriyeti",
        "dial_code": "+98",
        "code": "IR"
    },
    {
        "name": "Irak",
        "dial_code": "+964",
        "code": "IQ"
    },
    {
        "name": "İrlanda",
        "dial_code": "+353",
        "code": "IE"
    },
    {
        "name": "Man Adası",
        "dial_code": "+44",
        "code": "IM"
    },
    {
        "name": "İsrail",
        "dial_code": "+972",
        "code": "IL"
    },
    {
        "name": "İtalya",
        "dial_code": "+39",
        "code": "IT"
    },
    {
        "name": "Jamaika",
        "dial_code": "+1876",
        "code": "JM"
    },
    {
        "name": "Japonya",
        "dial_code": "+81",
        "code": "JP"
    },
    {
        "name": "Jersey",
        "dial_code": "+44",
        "code": "JE"
    },
    {
        "name": "Ürdün",
        "dial_code": "+962",
        "code": "JO"
    },
    {
        "name": "Kazakistan",
        "dial_code": "+77",
        "code": "KZ"
    },
    {
        "name": "Kenya",
        "dial_code": "+254",
        "code": "KE"
    },
    {
        "name": "Kiribati",
        "dial_code": "+686",
        "code": "KI"
    },
    {
        "name": "Kore, Demokratik Halk Cumhuriyeti",
        "dial_code": "+850",
        "code": "KP"
    },
    {
        "name": "Kore, Güney Cumhuriyeti",
        "dial_code": "+82",
        "code": "KR"
    },
    {
        "name": "Kuveyt",
        "dial_code": "+965",
        "code": "KW"
    },
    {
        "name": "Kırgızistan",
        "dial_code": "+996",
        "code": "KG"
    },
    {
        "name": "Laos",
        "dial_code": "+856",
        "code": "LA"
    },
    {
        "name": "Letonya",
        "dial_code": "+371",
        "code": "LV"
    },
    {
        "name": "Lübnan",
        "dial_code": "+961",
        "code": "LB"
    },
    {
        "name": "Lesotho",
        "dial_code": "+266",
        "code": "LS"
    },
    {
        "name": "Liberya",
        "dial_code": "+231",
        "code": "LR"
    },
    {
        "name": "Libya Arap Cemahiriyesi",
        "dial_code": "+218",
        "code": "LY"
    },
    {
        "name": "Lihtenştayn",
        "dial_code": "+423",
        "code": "LI"
    },
    {
        "name": "Litvanya",
        "dial_code": "+370",
        "code": "LT"
    },
    {
        "name": "Lüksemburg",
        "dial_code": "+352",
        "code": "LU"
    },
    {
        "name": "Makao",
        "dial_code": "+853",
        "code": "MO"
    },
    {
        "name": "Makedonya",
        "dial_code": "+389",
        "code": "MK"
    },
    {
        "name": "Madagaskar",
        "dial_code": "+261",
        "code": "MG"
    },
    {
        "name": "Malavi",
        "dial_code": "+265",
        "code": "MW"
    },
    {
        "name": "Malezya",
        "dial_code": "+60",
        "code": "MY"
    },
    {
        "name": "Maldivler",
        "dial_code": "+960",
        "code": "MV"
    },
    {
        "name": "Mali",
        "dial_code": "+223",
        "code": "ML"
    },
    {
        "name": "Malta",
        "dial_code": "+356",
        "code": "MT"
    },
    {
        "name": "Marshall Adaları",
        "dial_code": "+692",
        "code": "MH"
    },
    {
        "name": "Martinik",
        "dial_code": "+596",
        "code": "MQ"
    },
    {
        "name": "Moritanya",
        "dial_code": "+222",
        "code": "MR"
    },
    {
        "name": "Mauritius",
        "dial_code": "+230",
        "code": "MU"
    },
    {
        "name": "Mayotte",
        "dial_code": "+262",
        "code": "YT"
    },
    {
        "name": "Meksika",
        "dial_code": "+52",
        "code": "MX"
    },
    {
        "name": "Mikronezya, Federal Devletler",
        "dial_code": "+691",
        "code": "FM"
    },
    {
        "name": "Moldova",
        "dial_code": "+373",
        "code": "MD"
    },
    {
        "name": "Monako",
        "dial_code": "+377",
        "code": "MC"
    },
    {
        "name": "Moğolistan",
        "dial_code": "+976",
        "code": "MN"
    },
    {
        "name": "Karadağ",
        "dial_code": "+382",
        "code": "ME"
    },
    {
        "name": "Montserrat",
        "dial_code": "+1664",
        "code": "MS"
    },
    {
        "name": "Fas",
        "dial_code": "+212",
        "code": "MA"
    },
    {
        "name": "Mozambik",
        "dial_code": "+258",
        "code": "MZ"
    },
    {
        "name": "Myanmar",
        "dial_code": "+95",
        "code": "MM"
    },
    {
        "name": "Namibya",
        "dial_code": "+264",
        "code": "NA"
    },
    {
        "name": "Nauru",
        "dial_code": "+674",
        "code": "NR"
    },
    {
        "name": "Nepal",
        "dial_code": "+977",
        "code": "NP"
    },
    {
        "name": "Hollanda",
        "dial_code": "+31",
        "code": "NL"
    },
    {
        "name": "Hollanda Antilleri",
        "dial_code": "+599",
        "code": "AN"
    },
    {
        "name": "Yeni Kaledonya",
        "dial_code": "+687",
        "code": "NC"
    },
    {
        "name": "Yeni Zelanda",
        "dial_code": "+64",
        "code": "NZ"
    },
    {
        "name": "Nikaragua",
        "dial_code": "+505",
        "code": "NI"
    },
    {
        "name": "Nijer",
        "dial_code": "+227",
        "code": "NE"
    },
    {
        "name": "Nijerya",
        "dial_code": "+234",
        "code": "NG"
    },
    {
        "name": "Niue",
        "dial_code": "+683",
        "code": "NU"
    },
    {
        "name": "Norfolk Adası",
        "dial_code": "+672",
        "code": "NF"
    },
    {
        "name": "Kuzey Mariana Adaları",
        "dial_code": "+1670",
        "code": "MP"
    },
    {
        "name": "Norveç",
        "dial_code": "+47",
        "code": "NO"
    },
    {
        "name": "Umman",
        "dial_code": "+968",
        "code": "OM"
    },
    {
        "name": "Pakistan",
        "dial_code": "+92",
        "code": "PK"
    },
    {
        "name": "Palau",
        "dial_code": "+680",
        "code": "PW"
    },
    {
        "name": "Filistin Toprakları, İşgal Edilmiş",
        "dial_code": "+970",
        "code": "PS"
    },
    {
        "name": "Panama",
        "dial_code": "+507",
        "code": "PA"
    },
    {
        "name": "Papua Yeni Gine",
        "dial_code": "+675",
        "code": "PG"
    },
    {
        "name": "Paraguay",
        "dial_code": "+595",
        "code": "PY"
    },
    {
        "name": "Peru",
        "dial_code": "+51",
        "code": "PE"
    },
    {
        "name": "Filipinler",
        "dial_code": "+63",
        "code": "PH"
    },
    {
        "name": "Pitcairn",
        "dial_code": "+872",
        "code": "PN"
    },
    {
        "name": "Polonya",
        "dial_code": "+48",
        "code": "PL"
    },
    {
        "name": "Portekiz",
        "dial_code": "+351",
        "code": "PT"
    },
    {
        "name": "Porto Riko",
        "dial_code": "+1939",
        "code": "PR"
    },
    {
        "name": "Katar",
        "dial_code": "+974",
        "code": "QA"
    },
    {
        "name": "Romanya",
        "dial_code": "+40",
        "code": "RO"
    },
    {
        "name": "Rusya",
        "dial_code": "+7",
        "code": "RU"
    },
    {
        "name": "Ruanda",
        "dial_code": "+250",
        "code": "RW"
    },
    {
        "name": "Réunion",
        "dial_code": "+262",
        "code": "RE"
    },
    {
        "name": "Saint Barthelemy",
        "dial_code": "+590",
        "code": "BL"
    },
    {
        "name": "Saint Helena, Ascension ve Tristan Da Cunha",
        "dial_code": "+290",
        "code": "SH"
    },
    {
        "name": "Saint Kitts ve Nevis",
        "dial_code": "+1869",
        "code": "KN"
    },
    {
        "name": "Saint Lucia",
        "dial_code": "+1758",
        "code": "LC"
    },
    {
        "name": "Saint Martin",
        "dial_code": "+590",
        "code": "MF"
    },
    {
        "name": "Saint Pierre ve Miquelon",
        "dial_code": "+508",
        "code": "PM"
    },
    {
        "name": "Saint Vincent ve Grenadinler",
        "dial_code": "+1784",
        "code": "VC"
    },
    {
        "name": "Samoa",
        "dial_code": "+685",
        "code": "WS"
    },
    {
        "name": "San Marino",
        "dial_code": "+378",
        "code": "SM"
    },
    {
        "name": "Sao Tome ve Principe",
        "dial_code": "+239",
        "code": "ST"
    },
    {
        "name": "Suudi Arabistan",
        "dial_code": "+966",
        "code": "SA"
    },
    {
        "name": "Senegal",
        "dial_code": "+221",
        "code": "SN"
    },
    {
        "name": "Sırbistan",
        "dial_code": "+381",
        "code": "RS"
    },
    {
        "name": "Seyşeller",
        "dial_code": "+248",
        "code": "SC"
    },
    {
        "name": "Sierra Leone",
        "dial_code": "+232",
        "code": "SL"
    },
    {
        "name": "Singapur",
        "dial_code": "+65",
        "code": "SG"
    },
    {
        "name": "Slovakya",
        "dial_code": "+421",
        "code": "SK"
    },
    {
        "name": "Slovenya",
        "dial_code": "+386",
        "code": "SI"
    },
    {
        "name": "Solomon Adaları",
        "dial_code": "+677",
        "code": "SB"
    },
    {
        "name": "Somali",
        "dial_code": "+252",
        "code": "SO"
    },
    {
        "name": "Güney Afrika",
        "dial_code": "+27",
        "code": "ZA"
    },
    {
        "name": "Güney Sudan",
        "dial_code": "+211",
        "code": "SS"
    },
    {
        "name": "Gürcistan ve Güney Sandwich Adaları",
        "dial_code": "+500",
        "code": "GS"
    },
    {
        "name": "İspanya",
        "dial_code": "+34",
        "code": "ES"
    },
    {
        "name": "Sri Lanka",
        "dial_code": "+94",
        "code": "LK"
    },
    {
        "name": "Sudan",
        "dial_code": "+249",
        "code": "SD"
    },
    {
        "name": "Surinam",
        "dial_code": "+597",
        "code": "SR"
    },
    {
        "name": "Svalbard ve Jan Mayen",
        "dial_code": "+47",
        "code": "SJ"
    },
    {
        "name": "Esvatini",
        "dial_code": "+268",
        "code": "SZ"
    },
    {
        "name": "İsveç",
        "dial_code": "+46",
        "code": "SE"
    },
    {
        "name": "İsviçre",
        "dial_code": "+41",
        "code": "CH"
    },
    {
        "name": "Suriye Arap Cumhuriyeti",
        "dial_code": "+963",
        "code": "SY"
    },
    {
        "name": "Tayvan",
        "dial_code": "+886",
        "code": "TW"
    },
    {
        "name": "Tacikistan",
        "dial_code": "+992",
        "code": "TJ"
    },
    {
        "name": "Tanzanya, Birleşik Cumhuriyeti",
        "dial_code": "+255",
        "code": "TZ"
    },
    {
        "name": "Tayland",
        "dial_code": "+66",
        "code": "TH"
    },
    {
        "name": "Doğu Timor",
        "dial_code": "+670",
        "code": "TL"
    },
    {
        "name": "Togo",
        "dial_code": "+228",
        "code": "TG"
    },
    {
        "name": "Tokelau",
        "dial_code": "+690",
        "code": "TK"
    },
    {
        "name": "Tonga",
        "dial_code": "+676",
        "code": "TO"
    },
    {
        "name": "Trinidad ve Tobago",
        "dial_code": "+1868",
        "code": "TT"
    },
    {
        "name": "Tunus",
        "dial_code": "+216",
        "code": "TN"
    },
    {
        "name": "Türkiye",
        "dial_code": "+90",
        "code": "TR"
    },
    {
        "name": "Türkmenistan",
        "dial_code": "+993",
        "code": "TM"
    },
    {
        "name": "Turks ve Caicos Adaları",
        "dial_code": "+1649",
        "code": "TC"
    },
    {
        "name": "Tuvalu",
        "dial_code": "+688",
        "code": "TV"
    },
    {
        "name": "Uganda",
        "dial_code": "+256",
        "code": "UG"
    },
    {
        "name": "Ukrayna",
        "dial_code": "+380",
        "code": "UA"
    },
    {
        "name": "Birleşik Arap Emirlikleri",
        "dial_code": "+971",
        "code": "AE"
    },
    {
        "name": "Birleşik Krallık",
        "dial_code": "+44",
        "code": "GB"
    },
    {
        "name": "Amerika Birleşik Devletleri",
        "dial_code": "+1",
        "code": "US"
    },
    {
        "name": "Uruguay",
        "dial_code": "+598",
        "code": "UY"
    },
    {
        "name": "Özbekistan",
        "dial_code": "+998",
        "code": "UZ"
    },
    {
        "name": "Vanuatu",
        "dial_code": "+678",
        "code": "VU"
    },
    {
        "name": "Venezuela, Bolivarcı Cumhuriyeti",
        "dial_code": "+58",
        "code": "VE"
    },
    {
        "name": "Vietnam",
        "dial_code": "+84",
        "code": "VN"
    },
    {
        "name": "Virgin Adaları, Britanya",
        "dial_code": "+1284",
        "code": "VG"
    },
    {
        "name": "Virgin Adaları, ABD",
        "dial_code": "+1340",
        "code": "VI"
    },
    {
        "name": "Wallis ve Futuna",
        "dial_code": "+681",
        "code": "WF"
    },
    {
        "name": "Yemen",
        "dial_code": "+967",
        "code": "YE"
    },
    {
        "name": "Zambiya",
        "dial_code": "+260",
        "code": "ZM"
    },
    {
        "name": "Zimbabve",
        "dial_code": "+263",
        "code": "ZW"
    }
]